Organization,City,Website,Donation Page,Email
Humane Society of Broward County,Fort Lauderdale,https://humanebroward.com,https://humanebroward.com/donate/,info@hsbcfl.org
Florida Humane Society,Pompano Beach,http://floridahumanesociety.org,http://floridahumanesociety.org/donate,info@floridahumanesociety.org
Saving Sage Animal Rescue Foundation,Sunrise,http://savingsagerescue.org,http://savingsagerescue.org/donate/,info@savingsagerescue.org
Animal Refuge Center,North Fort Myers,http://animalrefugecenter.com,http://animalrefugecenter.com/donate,arc@animalrefugecenter.com
Brookes Legacy Animal Rescue,Naples,http://www.brookeslegacyanimalrescue.org,http://www.brookeslegacyanimalrescue.org/donate,brookeslegacyanimalrescue@gmail.com
Bird Gardens of Naples,Naples,https://birdgardensofnaples.org,https://birdgardensofnaples.org/donate,Contact Form
Alyssa's Animal Sanctuary,Naples,https://alyssasanimalsanctuary.com,https://alyssasanimalsanctuary.com/donate,Contact Form
Big Dog Ranch Rescue,Loxahatchee,https://bdrr.org,https://bdrr.org/donate,info@bdrr.org
Miami-Dade Animal Services,Miami,https://www.miamidade.gov/animals,https://www.miamidade.gov/global/service.page?Mduid_service=ser154999312095965,pets@miamidade.gov
Peggy Adams Animal Rescue League,West Palm Beach,https://peggyadams.org,https://peggyadams.org/donate,info@peggyadams.org
Palm Beach County Animal Care and Control,West Palm Beach,https://discover.pbcgov.org/publicsafety/animalcare,https://discover.pbcgov.org/publicsafety/animalcare/Pages/Donate.aspx,animalcare@pbcgov.org
Tri-County Animal Rescue,Boca Raton,https://tricountyanimalrescue.com,https://tricountyanimalrescue.com/donate,info@tricountyanimalrescue.com
Abandoned Pet Rescue,Fort Lauderdale,https://abandonedpetrescue.org,https://abandonedpetrescue.org/donate,info@abandonedpetrescue.org
Justin Bartlett Animal Rescue,Royal Palm Beach,https://justinbartlettanimalrescue.org,https://justinbartlettanimalrescue.org/donate,info@justinbartlettanimalrescue.org
Good Karma Pet Rescue,Fort Lauderdale,https://goodkarmapetrescue.org,https://goodkarmapetrescue.org/donate,info@goodkarmapetrescue.org
100+ Abandoned Dogs of Everglades Florida,Everglades,https://100plusabandoneddogsofevergladesflorida.org,https://100plusabandoneddogsofevergladesflorida.org/donate,info@100plusabandoneddogs.org
Broward County Animal Care,Fort Lauderdale,https://www.broward.org/Animal,https://www.broward.org/Animal/Pages/Donations.aspx,animalcare@broward.org
SPCA Florida,Lakeland,https://spcaflorida.org,https://spcaflorida.org/donate,info@spcaflorida.org
Humane Society of Greater Miami,Miami,https://humanesocietymiami.org,https://humanesocietymiami.org/donate,info@humanesocietymiami.org
Pet Haven Rescue of South Florida,Boca Raton,https://pethavenrescue.org,https://pethavenrescue.org/donate,info@pethavenrescue.org